{"type": "block", "layer": 10, "block": 0, "features": [{"geom": {"lines": [[[-14.797008875065382, -39.68017137096704, 0.7143764280380074], [-13.868132207548895, -37.93708670499829, 0.7143764280380074], [-11.79348371847046, -34.08597621608198, 0.7143764280380074], [-7.951776855957599, -26.924056115145667, 0.7143764280380074], [-7.7517657695413416, -26.55093852982715, 0.7143764280380074], [-7.563385796723615, -26.20011134505325, 0.7143764280380074], [-2.4541064617193795, -16.67465863248315, 0.7143764280380074], [-2.3817332750861455, -16.53984594501244, 0.7143764280380074], [6.54084296588775, 0.08580658450331873, 0.7143764280380074], [11.307588157452397, 8.959808442151164, 0.7143764280380074], [11.700423264047298, 9.679031060509685, 0.7143764280380074], [11.896519130480076, 10.03731689262579, 0.7143764280380074], [11.953699903659288, 10.14188315324852, 0.7143764280380074]]], "r": 0.478632206785465}, "mtl": 0}, {"geom": {"lines": [[[14.242336295834102, 14.800395988122911, 0.7143764280380074], [11.671379294479479, 10.036090759096355, 0.7143764280380074], [11.499526230784307, 9.717622210448594, 0.7143764280380074], [11.13513111150839, 9.046708277732726, 0.7143764280380074], [10.795312004853097, 8.412433609246753, 0.7143764280380074], [8.46823147564033, 4.062766465750772, 0.7143764280380074], [8.069569788299935, 3.330284154611346, 0.7143764280380074], [7.746563162695508, 2.7172616172256925, 0.7143764280380074], [1.8620480661880046, -8.234615940278841, 0.7143764280380074], [0.3817215762166537, -10.994579974975355, 0.7143764280380074], [-3.394854553716209, -18.03456914650979, 0.7143764280380074], [-7.1639360096605875, -25.0490375831483, 0.7143764280380074], [-7.734265533180484, -26.103654879748195, 0.7143764280380074], [-7.926530493360456, -26.459262666168147, 0.7143764280380074], [-8.121057800757669, -26.819116248532534, 0.7143764280380074], [-8.126226408128733, -26.829199788241674, 0.7143764280380074], [-8.350764206640287, -27.25855960464899, 0.7143764280380074], [-10.519590979550465, -31.30551513390862, 0.7143764280380074], [-11.148063620568017, -32.4858830326899, 0.7143764280380074], [-12.509819567680708, -35.010664182771635, 0.7143764280380074], [-13.551943518671477, -36.96166780250831, 0.7143764280380074], [-13.963359857016044, -37.71322545055048, 0.7143764280380074], [-14.409601399881527, -38.55602795761868, 0.7143764280380074], [-15.014978578574128, -39.68017137096704, 0.7143764280380074]]], "r": 0.478632206785465}, "mtl": 0}, {"geom": {"lines": [[[11.953699903659288, 10.14188315324852, 0.7143764280380074], [11.992465778171567, 10.213009052318746, 0.7143764280380074], [12.816291660288714, 11.706154748532327, 0.7143764280380074], [14.063625492665622, 13.86722541352705, 0.7143764280380074], [15.328131436894965, 16.03577484817158, 0.7143764280380074], [16.0377212248626, 17.268398582766437, 0.7143764280380074], [16.402170325343988, 17.91335569204391, 0.7143764280380074], [17.328979007820134, 19.59760077355378, 0.7143764280380074], [18.60980290999924, 22.034876496412547, 0.7143764280380074], [19.04630648842459, 22.904208699355387, 0.7143764280380074], [19.42881676291581, 23.68964948002346, 0.7143764280380074], [19.86871865276969, 24.61304327251336, 0.7143764280380074], [20.164633785981646, 25.24719424928294, 0.7143764280380074], [20.5805003591489, 26.167334882907014, 0.7143764280380074], [21.648115434177463, 28.615088528611878, 0.7143764280380074], [21.814543804469988, 28.997135307953112, 0.7143764280380074], [21.94226846106295, 29.290038329850958, 0.7143764280380074], [22.60881632716165, 30.860621373556008, 0.7143764280380074], [22.621394028068377, 30.88980512794122, 0.7143764280380074], [22.972004035619108, 31.68786936657836, 0.7143764280380074], [23.24255860279362, 32.323534491858645, 0.7143764280380074], [23.787464863061537, 33.62561164102223, 0.7143764280380074], [23.955032256142673, 34.056414042535664, 0.7143764280380074], [24.03819435863227, 34.262805104668665, 0.7143764280380074], [24.199682110586096, 34.66391439827375, 0.7143764280380074], [24.444570499969643, 35.29844047372869, 0.7143764280380074], [24.69132322301664, 35.95946749380499, 0.7143764280380074], [24.915762170319166, 36.588100875059, 0.7143764280380074], [25.118582359918463, 37.17003554613468, 0.7143764280380074], [25.285294752324315, 37.66442380475752, 0.7143764280380074], [25.652990955081346, 38.806978593417575, 0.7143764280380074], [25.892212511034362, 39.587739767786644, 0.7143764280380074], [25.91863551066712, 39.68017137096704, 0.7143764280380074]]], "r": 0.478632206785465}, "mtl": 0}, {"geom": {"lines": [[[25.474666080287744, 39.68017137096704, 0.7143764280380074], [25.468062545171943, 39.66111820048814, 0.7143764280380074], [25.13668593750833, 38.74494368210494, 0.7143764280380074], [24.82936118083867, 37.92687616567978, 0.7143764280380074], [24.52967372652659, 37.158643346823574, 0.7143764280380074], [24.18316540421992, 36.30018133020103, 0.7143764280380074], [23.852048806490387, 35.504825879432076, 0.7143764280380074], [23.367375754357912, 34.367735373016686, 0.7143764280380074], [21.91129943356551, 30.98189878786688, 0.7143764280380074], [21.811001926504915, 30.748430095753832, 0.7143764280380074], [21.455923332441664, 29.923328940549343, 0.7143764280380074], [21.450762232955135, 29.91165505698878, 0.7143764280380074], [21.18273742230501, 29.295606149020422, 0.7143764280380074], [21.015022106357872, 28.909316617952364, 0.7143764280380074], [20.517027392458687, 27.764242201445636, 0.7143764280380074], [20.12638785398635, 26.880743340349596, 0.7143764280380074], [19.317233269971123, 25.09087506030288, 0.7143764280380074], [18.867439834766706, 24.10969276150452, 0.7143764280380074], [18.506995787224522, 23.331740298719687, 0.7143764280380074], [17.607216477712107, 21.42554822772194, 0.7143764280380074], [17.231192053042953, 20.64066061389696, 0.7143764280380074], [16.814458058523975, 19.783051156623806, 0.7143764280380074], [16.34278875490417, 18.830420195496853, 0.7143764280380074], [15.982775185120989, 18.117650310854714, 0.7143764280380074], [15.433153060938176, 17.052970835483872, 0.7143764280380074], [14.242336295834102, 14.800395988122911, 0.7143764280380074]]], "r": 0.478632206785465}, "mtl": 0}], "featureCount": 4}